"id","country_id:id","name","code","region_id"
state_it_ag,it,"Agrigento","AG"
state_it_al,it,"Alessandria","AL"
state_it_an,it,"Ancona","AN"
state_it_ao,it,"Aosta","AO"
state_it_ar,it,"Arezzo","AR"
state_it_ap,it,"Ascoli Piceno","AP"
state_it_at,it,"Asti","AT"
state_it_av,it,"Avellino","AV"
state_it_ba,it,"Bari","BA"
state_it_bt,it,"Barletta-Andria-Trani","BT"
state_it_bl,it,"Belluno","BL"
state_it_bn,it,"Benevento","BN"
state_it_bg,it,"Bergamo","BG"
state_it_bi,it,"Biella","BI"
state_it_bo,it,"Bologna","BO"
state_it_bz,it,"Bolzano","BZ"
state_it_bs,it,"Brescia","BS"
state_it_br,it,"Brindisi","BR"
state_it_ca,it,"Cagliari","CA"
state_it_cl,it,"Caltanissetta","CL"
state_it_cb,it,"Campobasso","CB"
state_it_ci,it,"Carbonia-Iglesias","CI"
state_it_ce,it,"Caserta","CE"
state_it_ct,it,"Catania","CT"
state_it_cz,it,"Catanzaro","CZ"
state_it_ch,it,"Chieti","CH"
state_it_co,it,"Como","CO"
state_it_cs,it,"Cosenza","CS"
state_it_cr,it,"Cremona","CR"
state_it_kr,it,"Crotone","KR"
state_it_cn,it,"Cuneo","CN"
state_it_en,it,"Enna","EN"
state_it_fm,it,"Fermo","FM"
state_it_fe,it,"Ferrara","FE"
state_it_fi,it,"Firenze","FI"
state_it_fg,it,"Foggia","FG"
state_it_fc,it,"ForlÃ¬-Cesena","FC"
state_it_fr,it,"Frosinone","FR"
state_it_ge,it,"Genova","GE"
state_it_go,it,"Gorizia","GO"
state_it_gr,it,"Grosseto","GR"
state_it_im,it,"Imperia","IM"
state_it_is,it,"Isernia","IS"
state_it_sp,it,"La Spezia","SP"
state_it_aq,it,"L'Aquila","AQ"
state_it_lt,it,"Latina","LT"
state_it_le,it,"Lecce","LE"
state_it_lc,it,"Lecco","LC"
state_it_li,it,"Livorno","LI"
state_it_lo,it,"Lodi","LO"
state_it_lu,it,"Lucca","LU"
state_it_mc,it,"Macerata","MC"
state_it_mn,it,"Mantova","MN"
state_it_ms,it,"Massa-Carrara","MS"
state_it_mt,it,"Matera","MT"
state_it_vs,it,"Medio Campidano","VS"
state_it_me,it,"Messina","ME"
state_it_mi,it,"Milano","MI"
state_it_mo,it,"Modena","MO"
state_it_mb,it,"Monza e Brianza","MB"
state_it_na,it,"Napoli","NA"
state_it_no,it,"Novara","NO"
state_it_nu,it,"Nuoro","NU"
state_it_og,it,"Ogliastra","OG"
state_it_ot,it,"Olbia-Tempio","OT"
state_it_or,it,"Oristano","OR"
state_it_pd,it,"Padova","PD"
state_it_pa,it,"Palermo","PA"
state_it_pr,it,"Parma","PR"
state_it_pv,it,"Pavia","PV"
state_it_pg,it,"Perugia","PG"
state_it_pu,it,"Pesaro e Urbino","PU"
state_it_pe,it,"Pescara","PE"
state_it_pc,it,"Piacenza","PC"
state_it_pi,it,"Pisa","PI"
state_it_pt,it,"Pistoia","PT"
state_it_pn,it,"Pordenone","PN"
state_it_pz,it,"Potenza","PZ"
state_it_po,it,"Prato","PO"
state_it_rg,it,"Ragusa","RG"
state_it_ra,it,"Ravenna","RA"
state_it_rc,it,"Reggio Calabria","RC"
state_it_re,it,"Reggio Emilia","RE"
state_it_ri,it,"Rieti","RI"
state_it_rn,it,"Rimini","RN"
state_it_rm,it,"Roma","RM"
state_it_ro,it,"Rovigo","RO"
state_it_sa,it,"Salerno","SA"
state_it_ss,it,"Sassari","SS"
state_it_sv,it,"Savona","SV"
state_it_si,it,"Siena","SI"
state_it_sr,it,"Siracusa","SR"
state_it_so,it,"Sondrio","SO"
state_it_su,it,"Sud Sardegna","SU"
state_it_ta,it,"Taranto","TA"
state_it_te,it,"Teramo","TE"
state_it_tr,it,"Terni","TR"
state_it_to,it,"Torino","TO"
state_it_tp,it,"Trapani","TP"
state_it_tn,it,"Trento","TN"
state_it_tv,it,"Treviso","TV"
state_it_ts,it,"Trieste","TS"
state_it_ud,it,"Udine","UD"
state_it_va,it,"Varese","VA"
state_it_ve,it,"Venezia","VE"
state_it_vb,it,"Verbano-Cusio-Ossola","VB"
state_it_vc,it,"Vercelli","VC"
state_it_vr,it,"Verona","VR"
state_it_vv,it,"Vibo Valentia","VV"
state_it_vi,it,"Vicenza","VI"
state_it_vt,it,"Viterbo","VT"